tournament_name,winner_winners,winner_ue,winner_aces,winner_df,loser_winners,loser_ue,loser_aces,loser_df
Australian Open,14,19,0,2,22,35,6,4
Australian Open,16,7,4,0,14,27,3,3
Australian Open,37,28,6,2,21,31,1,4
Australian Open,20,20,2,1,9,29,1,3
Australian Open,8,13,1,1,11,29,2,2
Australian Open,30,34,8,2,25,38,6,1
Australian Open,54,41,25,8,15,16,1,6
Australian Open,22,8,7,0,17,34,2,0
Australian Open,26,28,6,4,17,31,3,2
Australian Open,32,21,4,1,9,22,0,2
Australian Open,26,30,12,2,28,33,2,4
Australian Open,38,33,8,3,19,21,1,0
Australian Open,31,23,8,2,18,18,1,2
Australian Open,33,27,10,1,27,36,6,2
Australian Open,25,10,4,0,21,29,6,4
Australian Open,20,22,7,0,8,24,0,0
Australian Open,33,36,6,3,38,55,3,5
Australian Open,30,26,6,0,45,37,13,3
Australian Open,50,54,6,2,26,34,8,1
Australian Open,19,35,3,6,17,41,1,2
Australian Open,22,13,3,0,17,19,6,2
Australian Open,22,17,2,1,5,15,0,2
Australian Open,22,13,6,0,7,23,1,4
Australian Open,25,26,5,6,29,46,8,4
Australian Open,23,22,6,0,13,25,1,1
Australian Open,17,15,1,2,19,26,3,1
Australian Open,33,18,14,0,20,27,2,3
Australian Open,41,23,5,0,16,12,5,1
Australian Open,24,19,7,4,18,24,4,2
Australian Open,29,29,9,6,51,49,13,8
Australian Open,38,46,7,3,35,45,13,4
Australian Open,28,19,6,5,13,9,8,0
Australian Open,18,19,1,2,18,39,4,6
Australian Open,25,13,4,2,20,20,10,2
Australian Open,15,22,4,1,20,31,2,1
Australian Open,25,16,5,0,9,21,4,1
Australian Open,23,11,4,1,20,16,3,0
Australian Open,21,25,3,1,9,29,1,0
Australian Open,28,27,9,0,16,30,3,1
Australian Open,28,9,5,1,11,16,1,4
Australian Open,27,23,5,0,14,11,3,3
Australian Open,29,22,6,2,18,25,6,2
Australian Open,31,36,7,2,14,20,2,4
Australian Open,33,34,10,4,44,32,21,2
Australian Open,22,23,5,1,12,18,2,0
Australian Open,18,17,3,2,8,26,1,1
Australian Open,33,29,10,0,32,50,1,3
Australian Open,38,36,8,1,16,25,4,4
Australian Open,19,27,6,1,26,37,8,1
Australian Open,47,40,13,4,17,17,4,1
Australian Open,38,27,7,2,20,38,8,1
Australian Open,43,21,12,1,17,22,7,1
Australian Open,52,49,18,2,47,40,15,6
Australian Open,71,35,24,4,58,44,16,4
Australian Open,53,31,19,5,50,59,16,10
Australian Open,30,35,5,1,59,71,12,10
Australian Open,62,36,9,2,50,38,18,2
Australian Open,47,36,9,5,36,39,3,1
Australian Open,85,79,27,19,40,47,1,6
Australian Open,63,41,18,6,67,70,6,10
Australian Open,41,40,9,3,41,47,11,6
Australian Open,68,63,27,6,33,30,19,6
Australian Open,38,16,20,0,27,33,10,5
Australian Open,32,16,5,2,15,27,6,8
Australian Open,63,42,11,6,32,42,11,1
Australian Open,47,38,19,0,11,24,1,1
Australian Open,43,26,15,2,25,32,5,6
Australian Open,28,22,12,2,12,32,1,11
Australian Open,68,51,21,10,49,46,14,3
Australian Open,36,15,20,2,19,34,8,2
Australian Open,36,22,15,1,31,46,10,5
Australian Open,55,77,16,5,45,50,9,12
Australian Open,20,25,6,0,20,38,7,8
Australian Open,66,20,19,2,53,37,11,8
Australian Open,51,45,2,3,58,77,14,6
Australian Open,52,39,23,5,22,21,9,3
Australian Open,37,29,4,0,71,58,22,5
Australian Open,31,22,10,1,11,32,3,1
Australian Open,38,20,11,1,36,36,5,1
Australian Open,32,30,7,1,47,34,15,5
Australian Open,41,30,12,3,28,46,7,4
Australian Open,48,45,12,4,23,24,6,6
Australian Open,46,25,14,6,47,54,6,6
Australian Open,27,17,4,1,30,31,12,3
Australian Open,40,31,9,2,20,33,4,1
Australian Open,36,29,15,6,26,36,2,3
Australian Open,45,45,18,1,20,40,4,2
Australian Open,21,19,2,2,41,61,5,6
Australian Open,38,21,15,1,31,37,10,3
Australian Open,37,41,8,4,64,77,11,6
Australian Open,38,17,19,2,16,29,0,5
Australian Open,29,26,9,2,28,35,3,1
Australian Open,41,38,6,6,64,52,24,8
Australian Open,30,26,8,2,26,41,5,5
Australian Open,48,56,19,10,38,69,0,2
Australian Open,30,20,3,1,18,34,0,5
Australian Open,17,6,3,0,6,23,3,4
Australian Open,32,32,8,5,24,39,8,2
Australian Open,58,33,21,2,27,17,10,1
Australian Open,52,29,16,1,29,33,5,2
Australian Open,48,27,15,1,32,23,12,4
Australian Open,38,34,10,8,37,52,9,7
Australian Open,55,53,10,5,54,82,3,3
Australian Open,35,28,2,0,27,35,7,5
Australian Open,35,29,7,2,19,32,0,0
Australian Open,33,24,13,2,23,34,10,1
Australian Open,55,45,14,4,23,33,9,6
Australian Open,56,22,24,1,53,42,11,9
Australian Open,26,32,5,3,16,29,1,0
Australian Open,78,58,12,5,56,55,17,4
Australian Open,46,42,12,3,72,42,26,2
Australian Open,36,27,9,2,32,46,4,2
French Open,30,26,5,3,19,26,2,0
French Open,22,18,4,0,17,19,0,1
French Open,28,39,7,3,11,30,0,2
French Open,11,8,0,1,21,38,0,0
French Open,31,25,5,2,46,53,4,2
French Open,27,23,1,2,33,44,0,3
French Open,26,33,0,5,34,48,2,2
French Open,24,20,1,0,9,16,2,4
French Open,29,13,0,2,24,23,4,0
French Open,19,18,0,2,19,27,1,3
French Open,42,38,5,1,23,34,4,2
French Open,13,6,2,1,8,23,2,2
French Open,34,55,3,3,22,48,1,9
French Open,31,55,4,0,20,42,7,6
French Open,26,22,3,1,11,25,0,1
French Open,26,21,3,2,20,26,2,1
French Open,20,31,5,3,30,45,0,1
French Open,12,24,2,3,18,42,3,6
French Open,21,35,4,1,34,45,2,2
French Open,30,34,8,6,48,42,7,7
French Open,26,11,4,1,16,19,3,1
French Open,29,17,6,2,15,26,3,4
French Open,25,14,4,5,11,20,2,1
French Open,19,11,7,1,9,6,3,2
French Open,33,45,3,3,22,41,0,4
French Open,29,22,6,1,27,18,3,2
French Open,39,40,6,2,16,25,1,5
French Open,49,43,19,2,26,20,7,2
French Open,27,23,2,2,18,32,1,2
French Open,30,18,5,1,11,18,0,3
French Open,27,37,6,0,30,34,1,3
French Open,21,20,2,3,13,31,1,5
French Open,21,20,1,0,13,23,1,0
French Open,21,15,4,0,16,25,1,3
French Open,38,48,6,4,33,39,3,1
French Open,52,32,12,1,12,24,1,1
French Open,37,14,5,0,23,37,2,1
French Open,18,21,1,3,25,30,4,4
French Open,21,12,7,2,8,14,1,1
French Open,14,16,0,1,30,45,4,3
French Open,29,33,3,1,39,44,4,3
French Open,24,29,1,1,23,26,1,2
French Open,15,14,1,0,11,35,2,2
French Open,24,11,7,1,18,22,0,2
French Open,23,31,6,3,30,45,3,3
French Open,11,15,2,2,16,35,2,3
French Open,37,38,15,2,23,22,3,3
French Open,24,13,3,1,11,20,3,2
French Open,33,38,5,3,28,34,3,4
French Open,27,13,8,1,14,12,2,1
French Open,37,37,6,1,21,31,0,4
French Open,29,34,8,4,22,28,2,3
French Open,33,33,3,2,16,26,0,1
French Open,44,28,11,6,43,25,5,0
French Open,33,30,4,3,8,11,0,3
French Open,51,38,8,2,18,27,4,2
French Open,34,46,3,1,54,60,9,5
French Open,41,22,10,2,17,24,6,2
French Open,40,21,8,1,20,27,2,2
French Open,15,27,1,0,35,52,0,2
French Open,53,37,13,2,35,36,18,6
French Open,28,28,5,2,27,42,5,3
French Open,61,67,7,8,42,55,5,6
French Open,58,43,24,4,51,52,14,4
French Open,36,25,1,1,29,30,8,4
French Open,34,22,2,3,46,45,4,2
French Open,31,31,11,3,26,35,6,4
French Open,36,25,11,5,37,36,4,8
French Open,57,41,1,7,47,58,12,7
French Open,15,11,3,1,8,20,0,1
French Open,77,90,4,2,39,40,3,1
French Open,29,28,10,5,30,44,3,6
French Open,29,54,5,4,49,72,6,9
French Open,23,17,10,0,22,46,3,4
French Open,54,68,9,6,30,46,3,7
French Open,55,38,7,5,59,48,10,7
French Open,45,52,6,6,69,57,7,9
French Open,42,32,9,2,23,26,5,4
French Open,54,71,6,5,52,81,1,6
French Open,24,19,3,0,38,51,8,6
French Open,28,22,2,4,33,48,10,8
French Open,18,12,6,1,28,54,6,1
French Open,27,24,5,3,19,40,6,4
French Open,41,35,9,2,18,28,2,2
French Open,33,23,6,1,57,80,14,10
French Open,31,21,13,4,20,44,3,2
French Open,42,55,10,0,41,54,5,8
French Open,45,50,13,5,26,42,3,4
French Open,42,38,5,2,51,44,13,5
French Open,36,53,9,4,36,66,4,0
French Open,35,35,7,4,18,35,4,1
French Open,31,13,6,1,33,27,10,2
French Open,31,19,13,2,38,40,6,1
French Open,53,56,4,3,28,40,4,2
French Open,70,32,21,1,50,47,13,0
French Open,36,57,2,4,35,51,6,5
French Open,46,28,4,1,49,51,8,4
French Open,64,49,6,2,44,35,7,1
French Open,44,47,7,8,22,39,3,7
French Open,68,47,11,1,70,39,8,1
French Open,51,52,17,9,83,50,14,5
French Open,28,33,7,2,10,44,3,7
French Open,76,71,16,4,87,86,6,8
French Open,70,80,20,3,59,56,20,7
French Open,56,44,15,0,36,38,8,1
French Open,80,63,14,5,40,60,17,10
French Open,44,53,3,3,38,60,3,3
French Open,69,65,13,9,45,36,8,4
French Open,57,56,8,2,36,52,8,5
French Open,39,31,17,2,18,30,5,2
French Open,49,39,11,4,39,38,6,4
Wimbledon,15,4,3,1,17,14,6,0
Wimbledon,20,10,6,1,14,27,4,3
Wimbledon,27,23,8,3,17,14,5,2
Wimbledon,18,31,3,1,35,44,5,3
Wimbledon,12,12,2,3,14,19,4,3
Wimbledon,17,11,4,2,18,9,8,0
Wimbledon,34,21,5,3,31,35,8,4
Wimbledon,18,14,3,3,20,35,7,4
Wimbledon,32,6,12,2,14,6,3,2
Wimbledon,28,8,6,1,21,16,4,2
Wimbledon,19,13,3,2,5,17,1,2
Wimbledon,18,16,3,6,27,31,7,1
Wimbledon,14,12,4,1,26,24,3,3
Wimbledon,47,48,9,2,34,27,6,8
Wimbledon,41,36,16,8,25,23,6,5
Wimbledon,22,5,4,1,15,16,2,3
Wimbledon,13,8,3,0,18,18,3,0
Wimbledon,26,14,10,3,23,22,7,3
Wimbledon,29,22,13,1,21,23,1,1
Wimbledon,29,25,4,2,16,21,5,3
Wimbledon,16,6,8,1,11,14,1,5
Wimbledon,41,22,12,1,26,32,3,4
Wimbledon,23,23,7,4,16,20,4,5
Wimbledon,29,12,9,4,20,13,8,4
Wimbledon,20,10,5,4,13,27,0,3
Wimbledon,21,19,6,6,16,21,6,4
Wimbledon,14,16,8,5,26,35,5,6
Wimbledon,18,13,5,2,15,30,4,6
Wimbledon,20,5,4,0,14,8,5,1
Wimbledon,24,11,12,5,15,12,12,3
Wimbledon,29,38,5,8,31,32,14,9
Wimbledon,22,9,11,3,3,16,0,4
Wimbledon,8,9,2,1,17,26,7,5
Wimbledon,40,27,10,6,24,19,14,6
Wimbledon,13,11,5,3,20,18,9,2
Wimbledon,18,14,2,0,27,29,10,1
Wimbledon,28,9,11,3,17,6,8,4
Wimbledon,20,13,3,1,19,16,7,6
Wimbledon,29,24,4,4,34,60,3,6
Wimbledon,30,26,5,2,23,44,6,11
Wimbledon,34,25,3,3,41,60,4,3
Wimbledon,46,30,16,7,79,66,39,10
Wimbledon,34,11,7,1,31,23,11,5
Wimbledon,38,15,18,1,24,13,10,3
Wimbledon,24,28,2,11,55,53,10,12
Wimbledon,32,17,20,11,44,25,16,4
Wimbledon,52,42,8,3,37,43,13,4
Wimbledon,37,17,15,1,7,19,2,2
Wimbledon,33,22,9,4,34,34,9,8
Wimbledon,41,25,0,0,31,23,12,5
Wimbledon,55,51,19,11,50,39,9,5
Wimbledon,29,19,1,3,17,28,5,5
Wimbledon,56,16,15,4,54,21,27,4
Wimbledon,38,26,8,7,20,14,6,3
Wimbledon,31,20,7,2,17,29,8,2
Wimbledon,28,35,12,4,34,44,8,2
Wimbledon,42,15,9,5,27,32,7,8
Wimbledon,41,22,16,4,36,37,8,7
Wimbledon,25,18,7,1,21,24,5,4
Wimbledon,43,18,16,1,33,27,9,3
Wimbledon,25,11,2,1,28,20,10,0
Wimbledon,60,57,13,5,33,38,5,5
Wimbledon,31,11,3,0,8,20,0,3
Wimbledon,33,26,8,5,57,38,19,10
Wimbledon,30,14,12,5,21,28,2,4
Wimbledon,29,27,7,3,32,42,8,7
Wimbledon,54,32,16,3,28,22,7,4
Wimbledon,67,48,33,5,44,25,16,4
Wimbledon,41,38,9,5,28,27,6,4
Wimbledon,72,52,31,5,20,33,1,5
Wimbledon,56,17,14,1,37,19,13,2
Wimbledon,61,49,20,8,28,22,4,2
Wimbledon,32,18,11,6,34,45,9,5
Wimbledon,60,47,14,6,68,41,19,7
Wimbledon,74,36,21,4,46,55,6,10
Wimbledon,66,49,6,7,42,29,9,3
Wimbledon,47,29,22,4,30,34,6,1
Wimbledon,35,30,8,5,48,50,12,8
Wimbledon,39,29,6,3,30,36,12,7
Wimbledon,33,14,16,4,40,20,11,2
Wimbledon,41,50,7,8,34,52,6,10
Wimbledon,25,16,5,0,14,15,2,1
Wimbledon,33,18,14,0,17,29,3,3
Wimbledon,30,30,15,7,15,22,3,2
Wimbledon,29,15,9,1,12,24,6,4
Wimbledon,36,12,19,3,36,30,10,4
Wimbledon,44,34,11,7,49,30,14,3
Wimbledon,27,6,8,0,38,24,8,1
Wimbledon,34,22,19,3,23,37,3,6
Wimbledon,43,27,6,3,41,45,16,6
Wimbledon,21,20,7,7,8,30,0,4
Wimbledon,42,29,16,6,31,39,7,9
Wimbledon,30,40,16,6,33,42,11,2
Wimbledon,43,33,25,2,11,25,3,3
Wimbledon,45,39,20,1,38,36,6,6
Wimbledon,29,27,13,2,19,21,3,4
Wimbledon,41,18,1,0,32,25,4,1
Wimbledon,35,27,7,1,23,44,7,8
Wimbledon,36,33,9,5,35,41,11,2
Wimbledon,38,27,10,3,10,22,4,1
Wimbledon,47,42,11,2,39,32,10,10
Wimbledon,39,22,13,1,39,25,16,2
Wimbledon,30,29,7,3,39,50,10,2
Wimbledon,52,38,16,5,29,26,7,7
Wimbledon,46,25,14,4,49,43,23,3
Wimbledon,44,33,15,3,25,28,4,3
Wimbledon,66,47,27,4,45,46,10,7
Wimbledon,47,8,23,1,25,19,13,5
Wimbledon,32,26,16,2,28,38,12,3
Wimbledon,40,15,16,0,26,23,8,3
Wimbledon,58,25,15,2,49,45,17,2
Australian Open,13,16,2,2,14,34,4,1
Australian Open,38,29,10,3,38,34,14,2
Australian Open,23,13,8,0,22,21,5,0
Australian Open,29,22,1,4,13,15,5,1
Australian Open,26,33,7,3,24,31,3,2
Australian Open,28,16,9,6,31,33,9,1
Australian Open,36,27,13,1,32,34,10,4
Australian Open,33,28,6,3,19,21,3,5
Australian Open,19,11,6,0,16,16,3,1
Australian Open,23,18,6,1,13,21,3,2
Australian Open,25,15,10,0,12,23,2,1
Australian Open,25,21,4,2,22,17,1,0
Australian Open,20,11,9,2,13,22,5,2
Australian Open,25,24,9,5,23,22,6,0
Australian Open,27,38,3,2,33,41,5,0
Australian Open,16,14,5,0,25,37,5,6
Australian Open,31,21,9,2,15,12,8,0
Australian Open,15,24,6,3,10,35,1,5
Australian Open,26,13,9,0,17,28,6,5
Australian Open,27,38,10,2,10,21,2,3
Australian Open,22,16,3,2,21,30,3,0
Australian Open,15,18,3,1,10,26,2,3
Australian Open,14,17,0,2,22,36,6,2
Australian Open,13,17,1,3,23,29,5,6
Australian Open,17,21,4,2,17,23,2,2
Australian Open,11,18,2,2,14,25,2,1
Australian Open,20,32,5,4,22,32,7,2
Australian Open,26,21,1,0,47,49,11,3
Australian Open,25,26,6,4,11,17,0,2
Australian Open,29,12,4,0,8,21,1,4
Australian Open,21,12,5,1,40,34,15,2
Australian Open,24,18,9,2,53,55,13,7
Australian Open,39,35,6,1,31,31,2,2
Australian Open,49,43,3,1,47,33,7,2
Australian Open,18,12,4,2,16,21,7,2
Australian Open,63,51,13,6,26,14,9,1
Australian Open,21,20,4,4,32,35,15,4
Australian Open,21,25,3,3,6,11,1,0
Australian Open,27,33,4,5,36,41,12,5
Australian Open,37,17,10,2,11,15,0,5
Australian Open,15,15,4,0,9,33,1,2
Australian Open,44,40,5,3,30,28,4,4
Australian Open,34,21,5,2,16,22,4,1
Australian Open,22,17,9,6,25,33,6,4
Australian Open,25,23,9,2,34,52,9,0
Australian Open,21,29,3,1,10,17,1,2
Australian Open,19,23,1,2,17,37,2,3
Australian Open,20,23,2,5,37,51,4,8
Australian Open,34,11,12,1,21,18,1,2
Australian Open,40,32,8,0,28,30,5,2
Australian Open,27,25,10,2,25,48,7,1
Australian Open,20,6,7,0,17,23,7,1
Australian Open,17,28,3,3,10,28,2,3
Australian Open,23,26,6,6,27,41,6,2
Australian Open,28,23,10,3,49,38,7,5
Australian Open,20,7,5,0,19,20,6,1
Australian Open,39,34,7,8,35,36,10,3
Australian Open,48,41,13,3,13,12,4,2
Australian Open,30,29,4,2,29,33,14,5
Australian Open,29,20,2,0,13,20,2,3
Australian Open,20,8,5,1,19,27,9,3
Australian Open,42,32,9,2,22,23,9,3
Australian Open,20,22,8,2,24,14,5,1
Australian Open,27,19,8,1,24,17,10,0
Australian Open,34,31,9,5,28,37,5,2
Australian Open,48,26,20,3,14,29,8,4
Australian Open,36,22,8,2,18,21,4,4
Australian Open,32,27,10,2,20,37,8,3
Australian Open,54,53,17,3,46,57,9,4
Australian Open,42,43,10,1,28,44,5,6
Australian Open,38,21,21,1,33,38,11,4
Australian Open,35,43,14,2,33,67,9,5
Australian Open,41,25,14,2,30,38,10,5
Australian Open,33,31,15,2,39,50,12,6
Australian Open,19,15,6,0,9,13,0,0
Australian Open,62,35,20,5,49,42,8,4
Australian Open,49,28,20,5,38,41,12,7
Australian Open,45,28,4,3,17,29,7,3
Australian Open,49,21,14,0,14,26,2,6
Australian Open,32,27,10,3,21,23,6,3
Australian Open,43,40,16,6,33,46,3,6
Australian Open,51,29,10,2,77,54,30,6
Australian Open,52,47,15,7,33,26,10,3
Australian Open,48,60,15,5,23,33,5,5
Australian Open,43,34,5,4,78,62,40,0
Australian Open,65,42,24,3,40,40,19,6
Australian Open,34,26,6,4,27,49,8,4
Australian Open,27,38,1,5,11,46,1,4
Australian Open,60,45,28,8,34,33,14,4
Australian Open,45,40,23,4,11,18,3,3
Australian Open,37,12,18,2,47,32,16,4
Australian Open,51,36,6,4,23,41,7,4
Australian Open,28,40,7,4,37,50,8,1
Australian Open,45,41,7,3,29,32,7,6
Australian Open,71,50,17,5,77,54,25,3
Australian Open,51,43,4,1,50,65,6,4
Australian Open,50,45,9,5,34,39,1,4
Australian Open,36,37,6,2,32,42,8,2
Australian Open,32,24,9,4,15,42,7,2
Australian Open,41,22,10,5,20,21,3,1
Australian Open,19,42,5,2,65,80,19,5
Australian Open,43,30,6,3,40,34,10,5
Australian Open,32,26,12,4,47,65,19,11
Australian Open,40,33,12,1,78,68,37,12
Australian Open,45,34,10,4,41,46,12,1
Australian Open,49,40,5,2,25,25,3,4
Australian Open,20,24,5,5,12,42,3,7
Australian Open,44,37,15,4,27,44,5,5
Australian Open,63,69,11,3,55,70,13,7
Australian Open,19,23,5,4,29,35,10,4
Australian Open,35,35,5,3,30,27,5,4
Australian Open,28,25,10,1,41,36,4,3
Australian Open,31,17,18,2,23,33,9,4
Australian Open,41,32,12,2,24,31,9,1
Australian Open,37,29,15,1,25,33,3,2
Australian Open,31,28,8,6,25,40,6,1
Australian Open,43,37,17,4,56,54,14,4
Australian Open,27,23,11,6,33,48,15,4
Australian Open,56,51,17,4,35,29,6,3
Australian Open,59,42,30,1,45,29,15,3
Australian Open,41,31,25,4,55,45,18,6
Australian Open,33,16,5,1,15,30,6,6
Australian Open,19,10,5,1,23,36,6,4
Australian Open,46,16,19,0,33,32,11,5
Australian Open,26,32,4,1,29,23,4,3
Australian Open,33,16,5,2,31,34,8,3
French Open,55,48,5,5,26,29,3,0
French Open,24,17,4,1,24,22,2,0
French Open,24,25,3,1,8,16,5,1
French Open,19,20,4,0,37,40,4,3
French Open,27,29,1,0,11,20,1,2
French Open,30,26,4,1,30,19,3,3
French Open,19,26,1,0,21,33,0,0
French Open,20,39,5,3,33,42,3,4
French Open,33,14,5,3,24,17,9,4
French Open,16,22,2,2,16,37,2,3
French Open,20,11,4,0,32,44,8,6
French Open,47,51,7,4,13,22,3,2
French Open,45,52,2,4,21,22,0,1
French Open,15,27,6,2,25,38,6,3
French Open,33,31,8,1,37,27,9,4
French Open,31,21,1,0,30,30,1,1
French Open,17,16,1,0,18,35,0,5
French Open,23,15,5,2,23,32,0,2
French Open,26,24,3,1,30,42,7,2
French Open,32,32,3,2,21,20,7,1
French Open,12,23,3,2,12,30,2,4
French Open,29,23,3,1,11,15,1,5
French Open,17,33,2,4,29,32,8,4
French Open,29,20,2,4,19,22,2,1
French Open,23,24,1,1,26,36,1,1
French Open,18,14,3,1,21,20,6,1
French Open,17,9,1,1,22,36,1,2
French Open,25,19,3,2,17,25,2,1
French Open,27,29,4,0,18,28,6,6
French Open,19,14,2,0,17,29,5,0
French Open,20,20,1,2,20,36,3,2
French Open,32,43,1,3,35,43,2,1
French Open,19,20,0,0,9,28,1,1
French Open,18,23,1,1,20,38,3,10
French Open,25,36,6,6,25,43,4,5
French Open,30,61,6,3,38,46,5,3
French Open,24,17,3,1,47,52,5,11
French Open,18,7,7,0,20,28,1,3
French Open,29,39,2,2,24,43,6,3
French Open,40,45,3,5,28,25,7,1
French Open,33,31,1,2,39,46,0,2
French Open,22,16,5,0,19,27,3,2
French Open,29,17,6,1,10,16,4,2
French Open,28,24,3,3,10,20,1,1
French Open,41,34,5,0,21,24,2,0
French Open,29,23,3,2,25,29,6,4
French Open,29,18,7,3,36,43,7,7
French Open,15,17,1,0,17,31,0,4
French Open,30,34,4,1,37,39,10,1
French Open,27,31,1,4,28,36,3,4
French Open,22,15,1,1,23,32,7,2
French Open,1,4,1,3,1,2,2,1
French Open,40,31,9,3,31,35,5,9
French Open,40,27,7,3,23,22,2,6
French Open,21,17,7,2,18,22,4,3
French Open,19,16,0,1,14,25,3,3
French Open,45,31,12,6,35,37,13,1
French Open,29,20,9,2,18,32,3,4
French Open,35,28,13,3,41,48,5,3
French Open,48,22,17,4,53,35,14,3
French Open,33,27,10,4,44,47,10,2
French Open,19,21,5,5,14,20,0,4
French Open,53,44,16,2,28,42,6,5
French Open,17,10,1,0,5,12,2,2
French Open,45,18,12,2,54,46,16,4
French Open,35,36,6,8,18,21,4,6
French Open,27,20,4,2,12,31,3,5
French Open,48,51,13,3,39,52,6,2
French Open,61,34,7,2,62,59,9,9
French Open,39,27,12,2,12,35,3,5
French Open,44,37,14,3,33,51,4,13
French Open,51,36,4,3,71,48,21,5
French Open,28,27,6,4,42,67,6,9
French Open,36,29,8,3,12,32,3,5
French Open,34,36,6,7,21,33,5,5
French Open,28,34,6,6,25,57,4,5
French Open,61,54,6,4,42,47,3,4
French Open,57,45,13,6,57,51,25,10
French Open,38,31,5,1,24,33,5,3
French Open,31,30,11,0,18,39,3,4
French Open,33,52,7,1,25,59,1,11
French Open,32,20,3,3,11,26,3,2
French Open,16,20,4,5,41,77,9,4
French Open,52,30,20,1,42,44,2,3
French Open,34,30,6,2,23,29,5,2
French Open,55,44,15,5,34,30,6,1
French Open,43,23,6,1,18,39,1,0
French Open,41,32,10,4,35,41,10,2
French Open,45,17,19,2,18,27,1,1
French Open,46,35,12,4,37,37,1,2
French Open,46,38,10,9,40,43,10,4
French Open,50,45,10,7,40,36,7,7
French Open,31,25,7,4,27,32,7,8
French Open,58,52,12,0,41,52,7,10
French Open,60,85,11,8,44,54,3,3
French Open,23,16,3,1,25,35,8,4
French Open,68,32,15,2,88,59,43,6
French Open,39,32,16,3,49,50,12,13
French Open,38,46,7,6,36,71,8,7
French Open,31,24,11,3,12,42,3,2
French Open,24,25,2,2,23,36,7,2
French Open,38,52,5,2,34,45,9,2
French Open,67,61,6,8,60,54,10,5
French Open,44,77,9,9,56,81,7,6
French Open,34,23,6,3,42,50,9,5
French Open,52,33,14,5,51,64,5,7
French Open,53,37,10,2,46,48,10,4
French Open,61,41,17,9,60,53,15,2
French Open,33,38,6,5,21,39,2,4
French Open,44,39,12,3,28,31,6,1
French Open,71,48,13,11,51,59,7,5
French Open,53,47,6,7,30,50,7,2
French Open,49,55,17,3,54,55,13,11
French Open,52,37,15,5,72,52,26,7
French Open,43,41,10,3,61,59,13,3
French Open,51,52,2,0,51,52,7,4
French Open,43,26,4,2,19,23,3,4
French Open,51,36,5,1,35,27,16,4
French Open,74,76,18,5,69,69,8,8
French Open,35,35,7,0,22,29,1,0
French Open,33,46,8,2,40,47,7,4
French Open,16,16,1,3,26,37,4,1
French Open,42,37,8,2,32,41,4,5
French Open,50,54,6,9,42,65,6,3
Wimbledon,24,28,6,3,30,38,4,4
Wimbledon,15,15,2,1,12,29,3,2
Wimbledon,17,17,9,2,17,15,1,0
Wimbledon,19,18,9,4,13,14,4,1
Wimbledon,21,15,5,3,24,26,9,0
Wimbledon,25,12,8,5,14,14,3,4
Wimbledon,39,18,18,4,34,12,15,4
Wimbledon,25,16,4,2,14,20,5,8
Wimbledon,16,11,8,1,25,20,5,7
Wimbledon,24,14,12,6,30,19,8,1
Wimbledon,28,29,12,4,35,32,7,4
Wimbledon,11,23,3,3,8,22,1,3
Wimbledon,22,13,7,7,17,23,3,4
Wimbledon,17,17,4,2,26,14,10,0
Wimbledon,32,23,4,2,25,27,6,8
Wimbledon,12,25,0,7,18,20,8,2
Wimbledon,14,18,9,3,7,20,0,2
Wimbledon,26,18,10,2,16,19,6,3
Wimbledon,17,10,6,0,11,16,2,1
Wimbledon,14,14,4,2,24,26,6,3
Wimbledon,32,16,9,2,13,8,8,2
Wimbledon,25,21,8,6,15,20,6,2
Wimbledon,25,11,8,3,13,18,1,3
Wimbledon,43,45,16,18,21,18,8,4
Wimbledon,27,15,0,0,30,22,10,8
Wimbledon,12,18,4,1,16,19,4,3
Wimbledon,17,11,2,1,17,15,4,0
Wimbledon,24,15,7,1,12,11,0,1
Wimbledon,49,21,14,5,29,19,5,7
Wimbledon,14,9,3,0,10,27,2,1
Wimbledon,27,20,4,3,20,16,7,1
Wimbledon,24,13,9,6,18,9,4,1
Wimbledon,43,40,11,6,10,12,3,3
Wimbledon,15,18,0,6,26,22,8,7
Wimbledon,20,21,3,6,21,30,7,7
Wimbledon,15,11,1,1,19,20,4,3
Wimbledon,29,16,5,5,17,43,0,13
Wimbledon,29,9,5,0,17,18,7,2
Wimbledon,26,12,7,7,25,20,3,3
Wimbledon,16,7,5,1,20,22,2,5
Wimbledon,24,10,7,2,16,11,9,0
Wimbledon,46,25,21,3,27,17,18,3
Wimbledon,21,18,7,2,21,23,7,1
Wimbledon,23,19,12,4,18,15,8,4
Wimbledon,27,15,6,2,15,17,7,1
Wimbledon,10,8,1,1,17,19,12,4
Wimbledon,10,9,3,2,14,21,6,1
Wimbledon,19,11,6,4,24,10,12,1
Wimbledon,26,22,5,4,30,12,14,2
Wimbledon,12,10,3,2,19,14,7,4
Wimbledon,33,28,9,7,15,25,0,3
Wimbledon,0,0,0,0,0,0,0,0
Wimbledon,21,16,6,2,13,22,3,6
Wimbledon,30,17,10,3,12,25,2,4
Wimbledon,25,14,10,3,8,14,0,6
Wimbledon,19,9,9,0,12,16,0,4
Wimbledon,30,19,8,4,19,13,4,2
Wimbledon,31,8,15,2,18,17,8,1
Wimbledon,41,27,13,4,36,33,15,3
Wimbledon,34,21,8,1,30,37,7,4
Wimbledon,31,35,8,4,28,38,3,7
Wimbledon,78,47,24,4,21,35,1,2
Wimbledon,59,45,15,7,43,24,6,3
Wimbledon,36,25,8,3,35,32,16,2
Wimbledon,45,21,16,4,20,23,4,5
Wimbledon,50,26,14,5,44,28,12,4
Wimbledon,44,28,14,2,30,24,8,4
Wimbledon,48,27,21,7,46,35,16,8
Wimbledon,49,32,11,4,37,13,9,0
Wimbledon,28,14,16,5,22,34,2,2
Wimbledon,34,17,8,2,18,15,8,4
Wimbledon,36,40,6,2,20,43,0,5
Wimbledon,37,12,8,1,26,12,5,2
Wimbledon,43,25,16,2,46,26,19,2
Wimbledon,44,26,13,7,33,39,7,8
Wimbledon,65,28,28,4,59,43,27,6
Wimbledon,31,20,18,1,22,19,8,4
Wimbledon,50,31,19,5,36,37,13,7
Wimbledon,59,25,30,4,45,45,13,12
Wimbledon,48,52,9,8,35,46,12,9
Wimbledon,47,30,2,2,51,31,4,5
Wimbledon,35,19,12,1,6,29,1,3
Wimbledon,28,13,1,3,44,38,10,4
Wimbledon,39,50,12,1,30,46,4,1
Wimbledon,56,38,11,3,54,34,22,8
Wimbledon,37,20,15,3,25,30,10,6
Wimbledon,26,20,1,3,37,29,14,4
Wimbledon,45,32,17,9,41,34,16,5
Wimbledon,56,40,11,4,34,32,5,5
Wimbledon,52,32,23,6,22,16,4,5
Wimbledon,43,22,6,2,25,22,9,5
Wimbledon,79,60,28,5,39,37,13,10
Wimbledon,37,21,13,5,21,33,3,6
Wimbledon,55,30,13,3,49,46,3,10
Wimbledon,14,11,1,1,11,13,2,2
Wimbledon,30,16,7,0,18,30,4,3
Wimbledon,51,34,9,4,33,30,4,0
Wimbledon,66,51,29,4,44,31,18,7
Wimbledon,35,26,15,0,54,40,15,1
Wimbledon,31,8,6,0,20,24,2,1
Wimbledon,43,23,19,1,19,27,6,5
Wimbledon,38,33,13,3,30,36,2,1
Wimbledon,58,31,20,3,44,26,5,2
Wimbledon,33,7,12,2,25,24,16,1
Wimbledon,100,53,45,10,71,33,41,2
Wimbledon,38,18,12,3,32,31,8,4
Wimbledon,32,16,15,2,29,25,8,3
Wimbledon,28,15,15,2,47,45,3,8
Wimbledon,48,30,14,3,49,42,11,6
Wimbledon,36,15,8,4,41,38,9,4
Wimbledon,39,32,10,6,54,44,31,4
Wimbledon,37,28,14,2,15,22,3,2
Wimbledon,51,24,16,4,32,27,8,5
Wimbledon,40,16,15,3,67,25,21,4
Wimbledon,54,44,14,5,42,53,12,3
Wimbledon,34,24,1,3,41,52,13,4
Wimbledon,39,39,17,3,22,27,1,3
Wimbledon,35,41,5,4,67,65,14,14
Wimbledon,83,50,48,6,47,44,12,7
Wimbledon,43,37,10,3,45,34,8,3
Wimbledon,68,31,24,2,64,41,34,7
Wimbledon,24,33,3,5,24,40,5,5
Wimbledon,39,40,12,4,47,25,14,3
Wimbledon,36,33,7,0,72,59,19,7
Wimbledon,43,47,14,6,74,61,29,5
Wimbledon,27,15,8,1,21,41,6,2
Wimbledon,29,15,14,2,31,28,17,2
Wimbledon,44,31,9,2,16,25,5,4
